PitchNo,Date,Time,PAofInning,PitchofPA,Pitcher,PitcherId,PitcherThrows,PitcherTeam,Batter,BatterId,BatterSide,BatterTeam,PitcherSet,Inning,Top/Bottom,Outs,Balls,Strikes,TaggedPitchType,AutoPitchType,PitchCall,KorBB,TaggedHitType,PlayResult,OutsOnPlay,RunsScored,Notes,RelSpeed,VertRelAngle,HorzRelAngle,SpinRate,SpinAxis,Tilt,RelHeight,RelSide,Extension,VertBreak,InducedVertBreak,HorzBreak,PlateLocHeight,PlateLocSide,ZoneSpeed,VertApprAngle,HorzApprAngle,ZoneTime,ExitSpeed,Angle,Direction,HitSpinRate,PositionAt110X,PositionAt110Y,PositionAt110Z,Distance,LastTrackedDistance,Bearing,HangTime,pfxx,pfxz,x0,y0,z0,vx0,vy0,vz0,ax0,ay0,az0,HomeTeam,AwayTeam,Stadium,Level,League,GameID,PitchUID,EffectiveVelo,MaxHeight,MeasuredDuration,SpeedDrop,PitchLastMeasuredX,PitchLastMeasuredY,PitchLastMeasuredZ,ContactPositionX,ContactPositionY,ContactPositionZ,GameUID,UTCDate,UTCTime,LocalDateTime,UTCDateTime,AutoHitType,System,HomeTeamForeignID,AwayTeamForeignID,GameForeignID,Catcher,CatcherId,CatcherThrows,CatcherTeam,PlayID,PitchTrajectoryXc0,PitchTrajectoryXc1,PitchTrajectoryXc2,PitchTrajectoryYc0,PitchTrajectoryYc1,PitchTrajectoryYc2,PitchTrajectoryZc0,PitchTrajectoryZc1,PitchTrajectoryZc2,HitSpinAxis,HitTrajectoryXc0,HitTrajectoryXc1,HitTrajectoryXc2,HitTrajectoryXc3,HitTrajectoryXc4,HitTrajectoryXc5,HitTrajectoryXc6,HitTrajectoryXc7,HitTrajectoryXc8,HitTrajectoryYc0,HitTrajectoryYc1,HitTrajectoryYc2,HitTrajectoryYc3,HitTrajectoryYc4,HitTrajectoryYc5,HitTrajectoryYc6,HitTrajectoryYc7,HitTrajectoryYc8,HitTrajectoryZc0,HitTrajectoryZc1,HitTrajectoryZc2,HitTrajectoryZc3,HitTrajectoryZc4,HitTrajectoryZc5,HitTrajectoryZc6,HitTrajectoryZc7,HitTrajectoryZc8,ThrowSpeed,PopTime,ExchangeTime,TimeToBase,CatchPositionX,CatchPositionY,CatchPositionZ,ThrowPositionX,ThrowPositionY,ThrowPositionZ,BasePositionX,BasePositionY,BasePositionZ,ThrowTrajectoryXc0,ThrowTrajectoryXc1,ThrowTrajectoryXc2,ThrowTrajectoryYc0,ThrowTrajectoryYc1,ThrowTrajectoryYc2,ThrowTrajectoryZc0,ThrowTrajectoryZc1,ThrowTrajectoryZc2,PitchReleaseConfidence,PitchLocationConfidence,PitchMovementConfidence,HitLaunchConfidence,HitLandingConfidence,CatcherThrowCatchConfidence,CatcherThrowReleaseConfidence,CatcherThrowLocationConfidence,SpinAxis3dTransverseAngle,SpinAxis3dLongitudinalAngle,SpinAxis3dActiveSpinRate,SpinAxis3dSpinEfficiency,SpinAxis3dTilt,SpinAxis3dVectorX,SpinAxis3dVectorY,SpinAxis3dVectorZ,SpinAxis3dSeamOrientationRotationX,SpinAxis3dSeamOrientationRotationY,SpinAxis3dSeamOrientationRotationZ,SpinAxis3dSeamOrientationBallAngleHorizontalAmb1,SpinAxis3dSeamOrientationBallAngleVerticalAmb1,SpinAxis3dSeamOrientationBallXAmb1,SpinAxis3dSeamOrientationBallYAmb1,SpinAxis3dSeamOrientationBallZAmb1,SpinAxis3dSeamOrientationBallAngleHorizontalAmb2,SpinAxis3dSeamOrientationBallAngleVerticalAmb2,SpinAxis3dSeamOrientationBallXAmb2,SpinAxis3dSeamOrientationBallYAmb2,SpinAxis3dSeamOrientationBallZAmb2,SpinAxis3dSeamOrientationBallAngleHorizontalAmb3,SpinAxis3dSeamOrientationBallAngleVerticalAmb3,SpinAxis3dSeamOrientationBallXAmb3,SpinAxis3dSeamOrientationBallYAmb3,SpinAxis3dSeamOrientationBallZAmb3,SpinAxis3dSeamOrientationBallAngleHorizontalAmb4,SpinAxis3dSeamOrientationBallAngleVerticalAmb4,SpinAxis3dSeamOrientationBallXAmb4,SpinAxis3dSeamOrientationBallYAmb4,SpinAxis3dSeamOrientationBallZAmb4,BatSpeed,VerticalAttackAngle,HorizontalAttackAngle
1,2026-03-08,13:06:05.41,1,1,"Miehe, Andrew",1000237855,Right,PEN_QUA,"Eddington, Kyle",1000270427,Right,UMBC_RET,Undefined,9,Top,0,0,0,Sinker,Changeup,BallCalled,Undefined,Undefined,Undefined,0,0,,86.62965,-2.114276,-6.677613,1876.989412,251.887434,2:30,5.02085,2.00469,5.99673,-30.08096,7.35965,18.8347,0.54062,-2.64177,79.45421,-7.676338,-3.320014,0.440396,,,,,,,,,,,,-11.47961,4.71792,-1.48698,50,4.83661,13.88256,-125.04666,-5.63201,-18.23337,24.47701,-24.68044,PEN_QUA,UMBC_RET,UofPennsylvania,D1,IVY,20260308-UofPennsylvania-1,1844c4b0-1b11-11f1-a6ff-db6443bb8c9a,85.58767,,,7.17544,,,,,,,792ef84f-1a87-4ef8-a354-d95c1024e784,2026-03-08,17:06:05.41,2026-03-08T13:06:05.4130000-04:00,2026-03-08T17:06:05.4130000Z,,v3,526523,471348,,"Echevarria, Ernie",813925,Right,PEN_QUA,49b2d53d-d725-42aa-97a2-35e7aedc2f59,54.50396,-125.92519,12.23851,5.02286,-4.74617,-12.34022,-1.997,14.53699,-9.11669,,,,,,,,,,,,,,,,,,,,,,,,,,,,,,,,,,,,,,,,,,,,,,,,,,,High,High,High,,,,,,,,,,,,,,,,,,,,,,,,,,,,,,,,,,,,,,,
2,2026-03-08,13:06:21.88,1,2,"Miehe, Andrew",1000237855,Right,PEN_QUA,"Eddington, Kyle",1000270427,Right,UMBC_RET,Undefined,9,Top,0,1,0,Sinker,Changeup,BallCalled,Undefined,Undefined,Undefined,0,0,,86.40334,-3.110702,-5.681733,1984.115173,237.957152,2:00,4.98738,2.02293,5.90302,-26.19021,11.45741,16.40336,-0.0999,-1.90179,79.45006,-7.962612,-2.754649,0.441611,,,,,,,,,,,,-9.97627,7.05654,-1.5746,50,4.72085,11.77009,-124.85043,-7.65776,-15.81451,24.12178,-20.98795,PEN_QUA,UMBC_RET,UofPennsylvania,D1,IVY,20260308-UofPennsylvania-1,2208c4b0-1b11-11f1-a6ff-db6443bb8c9a,85.35208,,,6.95327,,,,,,,792ef84f-1a87-4ef8-a354-d95c1024e784,2026-03-08,17:06:21.88,2026-03-08T13:06:21.8800000-04:00,2026-03-08T17:06:21.8800000Z,,v3,526523,471348,,"Echevarria, Ernie",813925,Right,PEN_QUA,881310c7-2063-42bf-97ea-c160dbc1eb24,54.59803,-125.73565,12.06089,4.98774,-6.88754,-10.49397,-2.01719,12.35045,-7.90725,,,,,,,,,,,,,,,,,,,,,,,,,,,,,,,,,,,,,,,,,,,,,,,,,,,High,High,High,,,,,,,,,,,,,,,,,,,,,,,,,,,,,,,,,,,,,,,
3,2026-03-08,13:06:41.86,1,3,"Miehe, Andrew",1000237855,Right,PEN_QUA,"Eddington, Kyle",1000270427,Right,UMBC_RET,Undefined,9,Top,0,2,0,Sinker,Sinker,BallCalled,Undefined,Undefined,Undefined,0,0,,88.13336,1.544165,-3.881642,1876.4512,223.30006,1:30,5.15907,1.95438,5.71804,-24.2845,12.8452,10.76906,4.57743,-0.76958,78.59384,-3.043929,-1.962615,0.438563,,,,,,,,,,,,-6.70796,6.39189,-1.63584,50,5.27384,8.15488,-127.35279,2.65732,-10.78445,31.29234,-21.89775,PEN_QUA,UMBC_RET,UofPennsylvania,D1,IVY,20260308-UofPennsylvania-1,2de8edf0-1b11-11f1-a6ff-db6443bb8c9a,85.94527,,,9.53952,,,,,,,792ef84f-1a87-4ef8-a354-d95c1024e784,2026-03-08,17:06:41.86,2026-03-08T13:06:41.8660000-04:00,2026-03-08T17:06:41.8660000Z,,v3,526523,471348,,"Echevarria, Ernie",813925,Right,PEN_QUA,8fccff02-774e-47a6-8427-6ebe5027d29d,54.77485,-128.52068,15.64617,5.15941,3.47459,-10.94887,-1.94771,8.55738,-5.39222,,,,,,,,,,,,,,,,,,,,,,,,,,,,,,,,,,,,,,,,,,,,,,,,,,,High,High,High,,,,,,,,,,,,,,,,,,,,,,,,,,,,,,,,,,,,,,,
4,2026-03-08,13:06:59.23,1,4,"Miehe, Andrew",1000237855,Right,PEN_QUA,"Eddington, Kyle",1000270427,Right,UMBC_RET,Undefined,9,Top,0,3,0,Sinker,Sinker,StrikeCalled,Undefined,Undefined,Undefined,0,0,,87.79125,-0.224942,-4.458878,1960.957628,234.160755,1:45,5.04669,2.0194,5.76433,-25.34907,11.60595,14.26548,2.72427,-0.95014,79.31808,-4.973577,-1.915074,0.43753,,,,,,,,,,,,-8.595,6.35768,-1.65819,50,5.01284,9.28808,-127.02019,-1.33285,-13.8993,28.48689,-21.89281,PEN_QUA,UMBC_RET,UofPennsylvania,D1,IVY,20260308-UofPennsylvania-1,384fe4b0-1b11-11f1-a6ff-db6443bb8c9a,86.14817,,,8.47317,,,,,,,792ef84f-1a87-4ef8-a354-d95c1024e784,2026-03-08,17:06:59.23,2026-03-08T13:06:59.2320000-04:00,2026-03-08T17:06:59.2320000Z,,v3,526523,471348,,"Echevarria, Ernie",813925,Right,PEN_QUA,b08e3ea8-a2e7-4518-974f-2cbb65f7c4c8,54.7326,-128.07718,14.24345,5.04723,-0.52053,-10.94641,-2.01238,9.80381,-6.94965,,,,,,,,,,,,,,,,,,,,,,,,,,,,,,,,,,,,,,,,,,,,,,,,,,,High,High,High,,,,,,,,,,,,,,,,,,,,,,,,,,,,,,,,,,,,,,,
5,2026-03-08,13:07:15.64,1,5,"Miehe, Andrew",1000237855,Right,PEN_QUA,"Eddington, Kyle",1000270427,Right,UMBC_RET,Undefined,9,Top,0,3,1,Sinker,Changeup,BallCalled,Walk,Undefined,Undefined,0,0,,86.89449,1.374306,-4.470598,1803.258696,256.952977,2:30,4.95841,2.04501,5.76709,-33.16978,4.40756,13.56977,3.47743,-0.99326,78.78365,-4.766871,-2.051586,0.441199,,,,,,,,,,,,-8.20319,2.22299,-1.68266,50,5.05251,9.25588,-125.76295,1.87408,-13.05899,26.93655,-28.63517,PEN_QUA,UMBC_RET,UofPennsylvania,D1,IVY,20260308-UofPennsylvania-1,4211c1d0-1b11-11f1-a6ff-db6443bb8c9a,85.43183,,,8.11085,,,,,,,792ef84f-1a87-4ef8-a354-d95c1024e784,2026-03-08,17:07:15.64,2026-03-08T13:07:15.6460000-04:00,2026-03-08T17:07:15.6460000Z,,v3,526523,471348,,"Echevarria, Ernie",813925,Right,PEN_QUA,22c7990e-9871-4909-8b1c-8e6a6a4bb916,54.7313,-126.77227,13.46827,4.96219,2.94705,-14.31759,-2.03865,9.74521,-6.52949,,,,,,,,,,,,,,,,,,,,,,,,,,,,,,,,,,,,,,,,,,,,,,,,,,,High,High,High,,,,,,,,,,,,,,,,,,,,,,,,,,,,,,,,,,,,,,,
6,2026-03-08,13:07:58.57,2,1,"Miehe, Andrew",1000237855,Right,PEN_QUA,"Droz, Sergio",10092279,Right,UMBC_RET,Undefined,9,Top,0,0,0,Sinker,Changeup,StrikeCalled,Undefined,Undefined,Undefined,0,0,,85.86225,0.985032,-3.319729,1744.446136,256.273811,2:30,5.00284,2.17539,5.58896,-33.4112,4.81839,15.00083,3.14001,0.32211,78.76088,-5.162497,-0.647517,0.445012,,,,,,,,,,,,-8.45288,2.53764,-1.90008,50,5.06576,6.59066,-124.56975,0.96404,-13.34949,23.83587,-28.1664,PEN_QUA,UMBC_RET,UofPennsylvania,D1,IVY,20260308-UofPennsylvania-1,5bb68bc0-1b11-11f1-a6ff-db6443bb8c9a,84.6999,,,7.10137,,,,,,,792ef84f-1a87-4ef8-a354-d95c1024e784,2026-03-08,17:07:58.57,2026-03-08T13:07:58.5780000-04:00,2026-03-08T17:07:58.5780000Z,,v3,526523,471348,,"Echevarria, Ernie",813925,Right,PEN_QUA,d039f2c8-b623-46ac-971e-4a6a99e5949f,54.91113,-125.50596,11.91793,5.00617,2.07034,-14.0832,-2.16924,7.11499,-6.67475,,,,,,,,,,,,,,,,,,,,,,,,,,,,,,,,,,,,,,,,,,,,,,,,,,,High,High,High,,,,,,,,,,,,,,,,,,,,,,,,,,,,,,,,,,,,,,,
7,2026-03-08,13:08:14.43,2,2,"Miehe, Andrew",1000237855,Right,PEN_QUA,"Droz, Sergio",10092279,Right,UMBC_RET,Undefined,9,Top,0,0,1,Slider,Curveball,HitByPitch,Undefined,Undefined,Undefined,0,0,,76.28556,3.069554,1.558927,1493.412481,40.981259,7:15,4.91005,2.39172,5.02528,-56.52944,-6.91977,-7.33048,3.09958,3.25223,69.96708,-7.147723,0.264776,0.506938,,,,,,,,,,,,4.0963,-3.9389,-2.53455,50,5.15776,-2.72301,-110.60638,3.95714,5.08126,19.48041,-37.06006,PEN_QUA,UMBC_RET,UofPennsylvania,D1,IVY,20260308-UofPennsylvania-1,6521bd60-1b11-11f1-a6ff-db6443bb8c9a,74.35321,,,6.31848,,,,,,,792ef84f-1a87-4ef8-a354-d95c1024e784,2026-03-08,17:08:14.43,2026-03-08T13:08:14.4300000-04:00,2026-03-08T17:08:14.4300000Z,,v3,526523,471348,,"Echevarria, Ernie",813925,Right,PEN_QUA,11687b7c-7dca-4b92-a29a-02be49759e34,55.47741,-111.56691,9.7402,4.91759,5.78448,-18.53003,-2.39411,-2.97356,2.54063,,,,,,,,,,,,,,,,,,,,,,,,,,,,,,,,,,,,,,,,,,,,,,,,,,,High,High,High,,,,,,,,,,,,,,,,,,,,,,,,,,,,,,,,,,,,,,,
8,2026-03-08,13:10:29.99,3,1,"Miehe, Andrew",1000237855,Right,PEN_QUA,"Carpenter, Jesiah",1000150376,Right,UMBC_RET,Undefined,9,Top,0,0,0,Sinker,Changeup,BallCalled,Undefined,Undefined,Undefined,0,0,,84.89836,-0.103595,-4.224404,1859.715973,230.154666,1:45,5.20734,2.10984,5.88737,-26.41686,12.77855,13.70182,2.90948,-0.6781,76.95912,-5.060719,-1.774597,0.450598,,,,,,,,,,,,-8.23894,6.96241,-1.7764,50,5.18388,8.51793,-122.93168,-1.04175,-12.51589,26.0278,-21.59734,PEN_QUA,UMBC_RET,UofPennsylvania,D1,IVY,20260308-UofPennsylvania-1,b5ec9210-1b11-11f1-a6ff-db6443bb8c9a,83.64989,,,7.93924,,,,,,,792ef84f-1a87-4ef8-a354-d95c1024e784,2026-03-08,17:10:29.99,2026-03-08T13:10:29.9960000-04:00,2026-03-08T17:10:29.9960000Z,,v3,526523,471348,,"Echevarria, Ernie",813925,Right,PEN_QUA,b3278c98-ba84-4f59-b508-74e1db7cdd78,54.60987,-123.90386,13.0139,5.20772,-0.23505,-10.79867,-2.10329,8.98542,-6.25795,,,,,,,,,,,,,,,,,,,,,,,,,,,,,,,,,,,,,,,,,,,,,,,,,,,High,High,High,,,,,,,,,,,,,,,,,,,,,,,,,,,,,,,,,,,,,,,
9,2026-03-08,13:11:30.46,3,2,"Miehe, Andrew",1000237855,Right,PEN_QUA,"Carpenter, Jesiah",1000150376,Right,UMBC_RET,Undefined,9,Top,0,1,0,Sinker,Changeup,StrikeSwinging,Undefined,Undefined,Undefined,1,0,,86.72761,0.030002,-2.879256,1789.362054,226.621303,1:30,5.17182,2.00142,5.7918,-25.03312,12.45544,11.86839,3.11367,0.30981,78.85512,-4.659545,-0.756298,0.440677,,,,,,,,,,,,-6.86457,6.70992,-1.77136,50,5.1594,5.82501,-125.77831,-0.74033,-10.94819,26.56348,-21.47248,PEN_QUA,UMBC_RET,UofPennsylvania,D1,IVY,20260308-UofPennsylvania-1,da0f3620-1b11-11f1-a6ff-db6443bb8c9a,85.53294,,,7.87249,,,,,,,792ef84f-1a87-4ef8-a354-d95c1024e784,2026-03-08,17:11:30.46,2026-03-08T13:11:30.4660000-04:00,2026-03-08T17:11:30.4660000Z,,v3,526523,471348,,"Echevarria, Ernie",813925,Right,PEN_QUA,4b2ef86e-a213-433b-929f-fe042aa29ec1,54.70575,-126.76824,13.28174,5.17208,0.05988,-10.73624,-1.99604,6.23301,-5.47409,,,,,,,,,,,,,,,,,,,,,,,,,,,,,80.1066,2.069158,0.7872,1.281958,-0.81554,2.92733,-0.28208,-0.95624,6.42375,1.992,127.28227,3.98553,5.03408,-0.77376,114.55261,-11.56759,6.45679,13.86556,-12.34709,1.90164,-2.39935,3.84074,High,High,High,,,High,High,High,,,,,,,,,,,,,,,,,,,,,,,,,,,,,,,,,,
10,2026-03-08,13:11:58.65,3,3,"Miehe, Andrew",1000237855,Right,PEN_QUA,"Carpenter, Jesiah",1000150376,Right,UMBC_RET,Undefined,9,Top,1,1,1,Slider,Curveball,BallCalled,Undefined,Undefined,Undefined,0,0,,75.18008,3.609122,3.043787,1603.703268,77.845325,8:30,4.93261,2.26317,4.88963,-52.81337,-1.24106,-13.2945,3.95501,4.03737,68.61426,-5.946619,0.708272,0.516868,,,,,,,,,,,,7.2454,-0.93815,-2.55062,50,5.24364,-5.22034,-108.72571,4.98812,8.68978,18.71571,-33.29921,PEN_QUA,UMBC_RET,UofPennsylvania,D1,IVY,20260308-UofPennsylvania-1,ead0c320-1b11-11f1-a6ff-db6443bb8c9a,72.92468,,,6.56581,,,,,,,792ef84f-1a87-4ef8-a354-d95c1024e784,2026-03-08,17:11:58.65,2026-03-08T13:11:58.6520000-04:00,2026-03-08T17:11:58.6520000Z,,v3,526523,471348,,"Echevarria, Ernie",813925,Right,PEN_QUA,dbfa26b9-ec70-4cb8-a8dd-30f83ae0f4ae,55.60818,-109.68683,9.35786,4.94357,6.69817,-16.6496,-2.27108,-5.6666,4.34489,,,,,,,,,,,,,,,,,,,,,,,,,,,,,,,,,,,,,,,,,,,,,,,,,,,High,High,High,,,,,,,,,,,,,,,,,,,,,,,,,,,,,,,,,,,,,,,
11,2026-03-08,13:12:24.63,3,4,"Miehe, Andrew",1000237855,Right,PEN_QUA,"Carpenter, Jesiah",1000150376,Right,UMBC_RET,Undefined,9,Top,1,3,1,Sinker,Changeup,BallCalled,Walk,Undefined,Undefined,0,0,,83.2561,0.002697,-6.269365,1640.038881,258.078669,2:30,4.77982,2.29161,5.57798,-36.0697,4.8937,17.21032,1.77655,-2.15304,76.4585,-6.602645,-3.22396,0.460648,,,,,,,,,,,,-10.33823,2.85673,-1.76171,50,4.75635,12.51505,-120.31158,-1.2315,-15.24798,21.97272,-27.96062,PEN_QUA,UMBC_RET,UofPennsylvania,D1,IVY,20260308-UofPennsylvania-1,fa48b920-1b11-11f1-a6ff-db6443bb8c9a,81.8248,,,6.79761,,,,,,,792ef84f-1a87-4ef8-a354-d95c1024e784,2026-03-08,17:12:24.63,2026-03-08T13:12:24.6300000-04:00,2026-03-08T17:12:24.6300000Z,,v3,526523,471348,,"Echevarria, Ernie",813925,Right,PEN_QUA,f1fba432-e35a-4d00-aff8-8fb0dc1b31a7,54.92283,-121.20731,10.98636,4.78332,-0.09167,-13.98031,-2.28457,13.13664,-7.62399,,,,,,,,,,,,,,,,,,,,,,,,,,,,,,,,,,,,,,,,,,,,,,,,,,,High,High,High,,,,,,,,,,,,,,,,,,,,,,,,,,,,,,,,,,,,,,,
12,2026-03-08,13:12:58.32,4,1,"Miehe, Andrew",1000237855,Right,PEN_QUA,"Mascuilli, Anthony ",1000249213,Right,UMBC_RET,Undefined,9,Top,1,0,0,Sinker,Changeup,InPlay,Undefined,Bunt,FieldersChoice,1,0,,85.71272,0.849078,-4.020706,1733.406109,257.412466,2:30,4.96709,2.29233,5.71361,-33.45384,4.9878,16.81355,2.97228,-0.05839,78.18442,-5.330868,-1.02179,0.446244,44.20477,-60.978354,98.653303,,,,,4.6027,4.6027,22.770086,0.056655,-9.77764,2.61634,-1.96644,50,5.01737,8.05296,-124.24355,0.70299,-15.25986,25.25118,-28.09076,PEN_QUA,UMBC_RET,UofPennsylvania,D1,IVY,20260308-UofPennsylvania-1,0e5c5750-1b12-11f1-a6ff-db6443bb8c9a,84.46598,3.25074,,7.5283,,,,4.51533,3.25074,-0.00159,792ef84f-1a87-4ef8-a354-d95c1024e784,2026-03-08,17:12:58.32,2026-03-08T13:12:58.3240000-04:00,2026-03-08T17:12:58.3240000Z,GroundBall,v3,526523,471348,,"Echevarria, Ernie",813925,Right,PEN_QUA,20332ada-0f64-4f5a-b51c-394da441bd51,54.78774,-125.21283,12.62559,4.96969,1.78127,-14.04538,-2.2868,8.63872,-7.62993,,4.51586,-4.78951,,,,,,,,3.25698,-57.37802,,,,,,,,-0.00502,31.47113,,,,,,,,,,,,,,,,,,,,,,,,,,,,,,High,High,High,Estimated,Estimated,,,,,,,,,,,,,,,,,,,,,,,,,,,,,,,,,,,,,
13,2026-03-08,13:13:38.54,5,1,"Miehe, Andrew",1000237855,Right,PEN_QUA,"Melton, Dylan",1000270424,Left,UMBC_RET,Undefined,9,Top,2,0,0,Slider,Curveball,BallCalled,Undefined,Undefined,Undefined,0,0,,76.75652,2.513448,0.317122,1573.270286,70.17555,8:15,4.81216,2.18942,5.37147,-53.32948,-4.43595,-16.9254,2.72612,1.0763,69.68763,-7.22954,-2.692182,0.503265,,,,,,,,,,,,8.52874,-2.44878,-2.20564,50,5.00011,0.05783,-111.26733,3.07267,10.56968,22.09729,-35.20882,PEN_QUA,UMBC_RET,UofPennsylvania,D1,IVY,20260308-UofPennsylvania-1,265a2800-1b12-11f1-a6ff-db6443bb8c9a,74.89574,,,7.06889,,,,,,,792ef84f-1a87-4ef8-a354-d95c1024e784,2026-03-08,17:13:38.54,2026-03-08T13:13:38.5490000-04:00,2026-03-08T17:13:38.5490000Z,,v3,526523,471348,,"Echevarria, Ernie",813925,Right,PEN_QUA,c767a074-04fb-4158-b6ca-295ccc47d231,55.1281,-112.28114,11.04864,4.82209,4.68802,-17.60441,-2.19717,-0.4271,5.28484,,,,,,,,,,,,,,,,,,,,,,,,,,,,,,,,,,,,,,,,,,,,,,,,,,,High,High,High,,,,,,,,,,,,,,,,,,,,,,,,,,,,,,,,,,,,,,,
14,2026-03-08,13:13:56.87,5,2,"Miehe, Andrew",1000237855,Right,PEN_QUA,"Melton, Dylan",1000270424,Left,UMBC_RET,Undefined,9,Top,2,1,0,ChangeUp,Changeup,FoulBallNotFieldable,Undefined,Undefined,Undefined,0,0,,82.30962,1.079297,-3.959133,1557.034664,265.158323,2:45,4.71434,2.43731,5.61737,-38.99262,2.67701,16.47225,2.47477,0.10913,75.46524,-6.07928,-1.025746,0.464602,85.96614,23.295294,-52.408314,3775.255909,61.23708,37.02198,-91.37837,266.43936,106.18415,-63.43459,3.318453,-9.43607,1.43327,-2.10992,50,4.78136,7.60117,-119.33761,0.92796,-13.65124,22.27946,-30.10052,PEN_QUA,UMBC_RET,UofPennsylvania,D1,IVY,20260308-UofPennsylvania-1,313defe0-1b12-11f1-a6ff-db6443bb8c9a,81.12841,40.15387,,6.84438,,,,0.96695,2.27878,0.03589,792ef84f-1a87-4ef8-a354-d95c1024e784,2026-03-08,17:13:56.87,2026-03-08T13:13:56.8770000-04:00,2026-03-08T17:13:56.8770000Z,LineDrive,v3,526523,471348,,"Echevarria, Ernie",813925,Right,PEN_QUA,dfa90502-7d5d-4be2-8304-04ad5ab264b6,54.88376,-120.24592,11.13973,4.71852,2.15512,-15.05026,-2.43115,8.15771,-6.82562,,0.96683,70.64884,-18.88448,4.41346,-1.04053,0.25145,-0.05058,0.00634,-0.00035,2.27923,49.84632,-17.96816,1.09476,0.0596,-0.12031,0.03742,-0.00506,0.00026,0.036,-91.76533,11.49182,-2.88292,0.69094,-0.17785,0.03795,-0.00499,0.00029,,,,,,,,,,,,,,,,,,,,,,,High,High,High,High,Low,,,,,,,,,,,,,,,,,,,,,,,,,,,,,,,,,,,,,
15,2026-03-08,13:14:22.77,5,3,"Miehe, Andrew",1000237855,Right,PEN_QUA,"Melton, Dylan",1000270424,Left,UMBC_RET,Undefined,9,Top,2,1,1,Slider,Curveball,FoulBallNotFieldable,Undefined,Undefined,Undefined,0,0,,76.22623,2.522722,-1.151879,1727.30667,52.511398,7:45,4.9041,2.23753,5.05305,-53.76133,-3.90516,-7.17382,2.80526,0.5532,69.65672,-7.222895,-2.419134,0.508196,73.32503,44.125431,-78.976752,5278.470816,,,,,44.1349,,,3.23213,-2.21788,-2.12183,50,5.10136,2.5074,-110.49617,2.9975,3.97996,20.42471,-34.90508,PEN_QUA,UMBC_RET,UofPennsylvania,D1,IVY,20260308-UofPennsylvania-1,40b60cf0-1b12-11f1-a6ff-db6443bb8c9a,74.16915,41.15906,,6.5695,,,,0.73112,2.71748,-0.52414,792ef84f-1a87-4ef8-a354-d95c1024e784,2026-03-08,17:14:22.77,2026-03-08T13:14:22.7770000-04:00,2026-03-08T17:14:22.7770000Z,,v3,526523,471348,,"Echevarria, Ernie",813925,Right,PEN_QUA,efb6f7d0-4786-4a8e-aead-36f039ce3786,55.4474,-111.49855,10.21236,4.91222,4.71053,-17.45254,-2.2401,2.31207,1.98998,,0.73112,14.76051,-13.01028,2.2475,-0.47033,0.08615,-0.02019,0.00446,-0.00131,2.71748,74.87496,-19.92589,1.46929,-0.30927,0.03951,-0.02007,0.00709,-0.00714,-0.52414,-75.77208,7.17675,-1.65043,0.39013,-0.08227,0.01619,-0.00237,-0.00159,,,,,,,,,,,,,,,,,,,,,,,High,High,High,Medium,Undefined,,,,,,,,,,,,,,,,,,,,,,,,,,,,,,,,,,,,,
16,2026-03-08,13:14:47.67,5,4,"Miehe, Andrew",1000237855,Right,PEN_QUA,"Melton, Dylan",1000270424,Left,UMBC_RET,Undefined,9,Top,2,1,2,Sinker,Changeup,BallCalled,Undefined,Undefined,Undefined,0,0,,86.73225,1.452964,-1.266461,1777.427157,239.939193,2:00,4.86319,2.36662,5.6013,-26.46923,11.36591,17.44418,4.01447,2.63779,78.53577,-3.493738,1.846042,0.44271,,,,,,,,,,,,-9.13662,5.69225,-2.26941,50,4.97076,2.01612,-125.79425,2.30262,-14.52522,27.38921,-23.12462,PEN_QUA,UMBC_RET,UofPennsylvania,D1,IVY,20260308-UofPennsylvania-1,4f887420-1b12-11f1-a6ff-db6443bb8c9a,85.14028,,,8.19649,,,,,,,792ef84f-1a87-4ef8-a354-d95c1024e784,2026-03-08,17:14:47.67,2026-03-08T13:14:47.6730000-04:00,2026-03-08T17:14:47.6730000Z,,v3,526523,471348,,"Echevarria, Ernie",813925,Right,PEN_QUA,19fb991e-9efa-46c2-ae29-8101113cda97,54.89572,-126.85571,13.6946,4.86416,3.19881,-11.56231,-2.35845,2.57905,-7.26261,,,,,,,,,,,,,,,,,,,,,,,,,,,,,,,,,,,,,,,,,,,,,,,,,,,High,High,High,,,,,,,,,,,,,,,,,,,,,,,,,,,,,,,,,,,,,,,
17,2026-03-08,13:15:06.29,5,5,"Miehe, Andrew",1000237855,Right,PEN_QUA,"Melton, Dylan",1000270424,Left,UMBC_RET,Undefined,9,Top,2,2,2,Slider,Curveball,BallCalled,Undefined,Undefined,Undefined,0,0,,75.45123,3.863174,-0.927798,1935.480776,48.359355,7:30,4.86562,2.3282,5.36421,-58.06771,-7.80485,-10.53414,3.65511,0.58029,68.99504,-6.702653,-2.797578,0.510264,,,,,,,,,,,,4.98839,-4.46599,-2.23727,50,5.1717,2.18022,-109.34534,5.42825,6.03116,19.52833,-37.57361,PEN_QUA,UMBC_RET,UofPennsylvania,D1,IVY,20260308-UofPennsylvania-1,5aaa5670-1b12-11f1-a6ff-db6443bb8c9a,73.86849,,,6.45619,,,,,,,792ef84f-1a87-4ef8-a354-d95c1024e784,2026-03-08,17:15:06.29,2026-03-08T13:15:06.2950000-04:00,2026-03-08T17:15:06.2950000Z,,v3,526523,471348,,"Echevarria, Ernie",813925,Right,PEN_QUA,d46d3c6e-c7d7-42cc-9461-f9a17a73ba8e,55.13717,-110.25899,9.76416,4.87661,7.18616,-18.78681,-2.33267,1.89804,3.01558,,,,,,,,,,,,,,,,,,,,,,,,,,,,,,,,,,,,,,,,,,,,,,,,,,,High,High,High,,,,,,,,,,,,,,,,,,,,,,,,,,,,,,,,,,,,,,,
18,2026-03-08,13:15:26.30,5,6,"Miehe, Andrew",1000237855,Right,PEN_QUA,"Melton, Dylan",1000270424,Left,UMBC_RET,Undefined,9,Top,2,3,2,Sinker,Changeup,StrikeSwinging,Strikeout,Undefined,Undefined,0,0,,85.90076,1.193764,-3.250678,1687.423085,245.81092,2:15,4.90133,2.15419,5.73919,-29.62883,8.025,15.56347,3.54578,0.42102,79.37842,-4.277856,-0.471119,0.441648,,,,,,,,,,,,-8.68693,4.13028,-1.89304,50,4.98254,6.44428,-124.75916,1.59907,-13.88587,21.7605,-25.57188,PEN_QUA,UMBC_RET,UofPennsylvania,D1,IVY,20260308-UofPennsylvania-1,66910f60-1b12-11f1-a6ff-db6443bb8c9a,85.34501,,,6.52234,,,,,,,792ef84f-1a87-4ef8-a354-d95c1024e784,2026-03-08,17:15:26.30,2026-03-08T13:15:26.3030000-04:00,2026-03-08T17:15:26.3030000Z,,v3,526523,471348,,"Echevarria, Ernie",813925,Right,PEN_QUA,3f783e44-7a60-4d8b-aee4-673817552943,54.76174,-125.58696,10.88025,4.9032,2.57185,-12.78594,-2.14823,6.97251,-6.94293,,,,,,,,,,,,,,,,,,,,,,,,,,,,,,,,,,,,,,,,,,,,,,,,,,,High,High,High,,,,,,,,,,,,,,,,,,,,,,,,,,,,,,,,,,,,,,,
19,2026-03-08,13:18:24.65,1,1,"Harbert, Chris",1000091136,Right,UMBC_RET,"Powell, Michael",1000336728,Left,PEN_QUA,Undefined,9,Bottom,0,0,0,Slider,Curveball,BallCalled,Undefined,Undefined,Undefined,0,0,,73.45233,-0.194547,-2.148683,2186.282932,43.879235,7:30,5.31269,1.45751,5.34638,-55.55302,-3.02969,-4.36233,0.50066,-0.92244,68.40712,-10.222733,-2.925012,0.521612,,,,,,,,,,,,1.65933,-1.13886,-1.26056,50,5.25462,4.15855,-106.70779,-2.13167,1.92426,17.37072,-33.49471,PEN_QUA,UMBC_RET,UofPennsylvania,D1,IVY,20260308-UofPennsylvania-1,d0de31e0-1b12-11f1-a6ff-db6443bb8c9a,72.26145,,,5.04521,,,,,,,792ef84f-1a87-4ef8-a354-d95c1024e784,2026-03-08,17:18:24.65,2026-03-08T13:18:24.6580000-04:00,2026-03-08T17:18:24.6580000Z,,v3,526523,471348,,"Wyatt, Danny",1000270423,Right,UMBC_RET,19a54162-4d7a-423a-af1e-5a5f5a3ade40,55.15648,-107.54392,8.68536,5.31842,-0.51941,-16.74736,-1.45851,4.06593,0.96213,,,,,,,,,,,,,,,,,,,,,,,,,,,,,,,,,,,,,,,,,,,,,,,,,,,High,High,High,,,,,,,,,,,,,,,,,,,,,,,,,,,,,,,,,,,,,,,
20,2026-03-08,13:18:43.37,1,2,"Harbert, Chris",1000091136,Right,UMBC_RET,"Powell, Michael",1000336728,Left,PEN_QUA,Undefined,9,Bottom,0,1,0,Slider,Curveball,StrikeCalled,Undefined,Undefined,Undefined,0,0,,73.91931,1.691529,-1.221369,2252.757454,41.316874,7:30,5.4636,1.19386,5.07812,-57.13889,-5.23461,-5.78406,2.29743,-0.43969,69.08893,-8.587236,-2.244799,0.518529,,,,,,,,,,,,2.61036,-2.63591,-1.07329,50,5.57802,2.50794,-107.46183,1.24763,3.10121,15.83467,-35.30561,PEN_QUA,UMBC_RET,UofPennsylvania,D1,IVY,20260308-UofPennsylvania-1,dc0e6c10-1b12-11f1-a6ff-db6443bb8c9a,72.69111,,,4.83038,,,,,,,792ef84f-1a87-4ef8-a354-d95c1024e784,2026-03-08,17:18:43.37,2026-03-08T13:18:43.3700000-04:00,2026-03-08T17:18:43.3700000Z,,v3,526523,471348,,"Wyatt, Danny",1000270423,Right,UMBC_RET,af572cf3-03af-4910-822f-7257018aeee7,55.42548,-108.25834,7.91733,5.47059,3.02354,-17.65281,-1.19552,2.35194,1.55061,,,,,,,,,,,,,,,,,,,,,,,,,,,,,,,,,,,,,,,,,,,,,,,,,,,High,High,High,,,,,,,,,,,,,,,,,,,,,,,,,,,,,,,,,,,,,,,
21,2026-03-08,13:19:00.87,1,3,"Harbert, Chris",1000091136,Right,UMBC_RET,"Powell, Michael",1000336728,Left,PEN_QUA,Undefined,9,Bottom,0,1,1,FourSeamFastBall,Four-Seam,InPlay,Undefined,FlyBall,Out,1,0,,86.04755,-1.982701,-1.278418,2121.875723,204.697459,12:45,5.78226,0.90181,5.79928,-21.78525,15.80918,6.75839,2.12151,0.27575,79.37377,-6.050823,-0.067215,0.441299,100.89609,26.847784,-2.479226,3580.853295,109.32671,55.98224,-12.14711,366.9517,358.18221,-15.625164,5.221698,-3.80492,8.93874,-0.80095,50,5.60623,2.51946,-125.01515,-5.00837,-6.06729,23.41039,-17.92034,PEN_QUA,UMBC_RET,UofPennsylvania,D1,IVY,20260308-UofPennsylvania-1,e66eac10-1b12-11f1-a6ff-db6443bb8c9a,85.41245,84.65173,,6.67378,,,,1.24733,2.1268,-0.28234,792ef84f-1a87-4ef8-a354-d95c1024e784,2026-03-08,17:19:00.87,2026-03-08T13:19:00.8700000-04:00,2026-03-08T17:19:00.8700000Z,FlyBall,v3,526523,471348,,"Wyatt, Danny",1000270423,Right,UMBC_RET,56bda4ec-d25b-4672-be91-f2419f51e171,54.701,-125.89239,11.70519,5.78132,-4.33686,-8.96017,-0.89962,2.74681,-3.03365,153.608087,1.24918,131.8702,-30.82306,7.67283,-1.55608,0.26035,-0.0352,0.00338,-0.00016,2.12769,66.81066,-12.17882,-1.85745,1.04743,-0.33868,0.06991,-0.00792,0.00037,-0.28143,-5.73116,-8.23716,2.83838,-0.73548,0.14261,-0.01945,0.00166,-7E-05,,,,,,,,,,,,,,,,,,,,,,,High,High,High,High,Medium,,,,,,,,,,,,,,,,,,,,,,,,,,,,,,,,,,,,,
22,2026-03-08,13:19:37.40,2,1,"Harbert, Chris",1000091136,Right,UMBC_RET,"Taylor, Ryan",1000191559,Right,PEN_QUA,Undefined,9,Bottom,1,0,0,Slider,Curveball,StrikeCalled,Undefined,Undefined,Undefined,0,0,,76.4375,1.398602,-1.964428,2317.164323,59.082063,8:00,5.39113,1.37752,5.3589,-50.52373,-2.51288,-6.24555,2.49344,-0.98589,71.41676,-7.746247,-3.073883,0.498702,,,,,,,,,,,,2.69807,-1.21602,-1.19631,50,5.48037,4.0472,-111.12856,1.02391,3.43167,16.7243,-33.72068,PEN_QUA,UMBC_RET,UofPennsylvania,D1,IVY,20260308-UofPennsylvania-1,fc397020-1b12-11f1-a6ff-db6443bb8c9a,75.5811,,,5.02074,,,,,,,792ef84f-1a87-4ef8-a354-d95c1024e784,2026-03-08,17:19:37.40,2026-03-08T13:19:37.4050000-04:00,2026-03-08T17:19:37.4050000Z,,v3,526523,471348,,"Wyatt, Danny",1000270423,Right,UMBC_RET,d0684f20-baf6-4db8-9d53-59000a7b8df0,55.1438,-111.89999,8.36215,5.39727,2.57933,-16.86034,-1.37935,3.88891,1.71584,,,,,,,,,,,,,,,,,,,,,,,,,,,,,,,,,,,,,,,,,,,,,,,,,,,High,High,High,,,,,,,,,,,,,,,,,,,,,,,,,,,,,,,,,,,,,,,
23,2026-03-08,13:19:52.14,2,2,"Harbert, Chris",1000091136,Right,UMBC_RET,"Taylor, Ryan",1000191559,Right,PEN_QUA,Undefined,9,Bottom,1,0,1,Slider,Curveball,StrikeSwinging,Undefined,Undefined,Undefined,0,0,,76.74336,0.829796,-2.16368,2338.754431,48.017271,7:30,5.3452,1.36825,5.32872,-50.8031,-2.71083,-4.52705,1.89083,-1.04019,71.19565,-8.372588,-2.967777,0.499125,,,,,,,,,,,,1.72894,-1.19008,-1.16919,50,5.38321,4.38402,-111.47198,-0.09459,2.19236,18.58108,-33.68311,PEN_QUA,UMBC_RET,UofPennsylvania,D1,IVY,20260308-UofPennsylvania-1,05129af0-1b13-11f1-a6ff-db6443bb8c9a,75.51708,,,5.54772,,,,,,,792ef84f-1a87-4ef8-a354-d95c1024e784,2026-03-08,17:19:52.14,2026-03-08T13:19:52.1450000-04:00,2026-03-08T17:19:52.1450000Z,,v3,526523,471348,,"Wyatt, Danny",1000270423,Right,UMBC_RET,8465e10c-56b8-49f9-8d53-db26e083afcc,55.17314,-112.33097,9.29054,5.35158,1.46256,-16.84156,-1.36952,4.28266,1.09618,,,,,,,,,,,,,,,,,,,,,,,,,,,,,,,,,,,,,,,,,,,,,,,,,,,High,High,High,,,,,,,,,,,,,,,,,,,,,,,,,,,,,,,,,,,,,,,
24,2026-03-08,13:20:12.24,2,3,"Harbert, Chris",1000091136,Right,UMBC_RET,"Taylor, Ryan",1000191559,Right,PEN_QUA,Undefined,9,Bottom,1,0,2,Slider,Slider,BallCalled,Undefined,Undefined,Undefined,0,0,,76.42791,1.604316,-2.76845,2410.368683,74.54191,8:30,5.31543,1.4097,5.41718,-50.24991,-1.58421,-10.95166,2.63297,-2.09837,70.46807,-7.535554,-4.712369,0.502091,,,,,,,,,,,,4.75965,-0.79221,-1.15571,50,5.42303,5.77888,-110.87496,1.44717,5.93685,19.44889,-33.16218,PEN_QUA,UMBC_RET,UofPennsylvania,D1,IVY,20260308-UofPennsylvania-1,11093260-1b13-11f1-a6ff-db6443bb8c9a,75.07086,,,5.95985,,,,,,,792ef84f-1a87-4ef8-a354-d95c1024e784,2026-03-08,17:20:12.24,2026-03-08T13:20:12.2440000-04:00,2026-03-08T17:20:12.2440000Z,,v3,526523,471348,,"Wyatt, Danny",1000270423,Right,UMBC_RET,0055a20b-36a2-42b2-a703-f4000d2076ce,55.08365,-111.76314,9.72444,5.32236,2.9616,-16.58109,-1.41343,5.50776,2.96843,,,,,,,,,,,,,,,,,,,,,,,,,,,,,,,,,,,,,,,,,,,,,,,,,,,High,High,High,,,,,,,,,,,,,,,,,,,,,,,,,,,,,,,,,,,,,,,
25,2026-03-08,13:20:28.39,2,4,"Harbert, Chris",1000091136,Right,UMBC_RET,"Taylor, Ryan",1000191559,Right,PEN_QUA,Undefined,9,Bottom,1,1,2,Slider,Curveball,InPlay,Undefined,GroundBall,Error,0,0,,76.7926,1.256951,0.267782,2339.528987,63.499558,8:00,5.34055,1.3266,5.11602,-51.38491,-3.00343,-8.80634,2.24277,0.845,71.10006,-8.031397,-1.292368,0.500623,97.91432,3.883008,-37.203576,3301.239186,,,,73.23955,72.01622,-39.120039,0.533377,4.49685,-1.4878,-1.34447,50,5.41814,-0.18074,-111.58116,0.67337,5.71003,18.72692,-34.06321,PEN_QUA,UMBC_RET,UofPennsylvania,D1,IVY,20260308-UofPennsylvania-1,1a9e8140-1b13-11f1-a6ff-db6443bb8c9a,75.29104,3.19702,,5.69254,,,,2.63807,2.36185,-0.99924,792ef84f-1a87-4ef8-a354-d95c1024e784,2026-03-08,17:20:28.39,2026-03-08T13:20:28.3910000-04:00,2026-03-08T17:20:28.3910000Z,GroundBall,v3,526523,471348,,"Wyatt, Danny",1000270423,Right,UMBC_RET,7d954ceb-696b-4289-91d2-c8c7c7eaf39d,55.38658,-112.48157,9.36346,5.34639,2.31116,-17.0316,-1.32918,-0.45529,2.85502,,2.66348,113.47906,-22.47316,,,,,,,2.39237,8.95256,-25.29413,,,,,,,-0.98939,-86.88591,3.91289,,,,,,,,,,,,,,,,,,,,,,,,,,,,,High,High,High,High,High,,,,,,,,,,,,,,,,,,,,,,,,,,,,,,,,,,,,,
26,2026-03-08,13:21:05.54,3,1,"Harbert, Chris",1000091136,Right,UMBC_RET,"Warner, Jack",1000463347,Left,PEN_QUA,Undefined,9,Bottom,1,0,0,FourSeamFastBall,Changeup,StrikeCalled,Undefined,Undefined,Undefined,0,0,,87.08719,-1.585337,-1.691116,2076.092823,219.786791,1:15,5.56708,1.22804,5.87224,-25.84442,10.58804,7.97016,1.93986,0.321,80.73532,-6.369466,-0.260583,0.434426,,,,,,,,,,,,-4.50799,6.12851,-1.09592,50,5.42361,3.41652,-126.60167,-4.3562,-7.40803,22.81565,-22.10298,PEN_QUA,UMBC_RET,UofPennsylvania,D1,IVY,20260308-UofPennsylvania-1,30b73e40-1b13-11f1-a6ff-db6443bb8c9a,86.7638,,,6.35187,,,,,,,792ef84f-1a87-4ef8-a354-d95c1024e784,2026-03-08,17:21:05.54,2026-03-08T13:21:05.5420000-04:00,2026-03-08T17:21:05.5420000Z,,v3,526523,471348,,"Wyatt, Danny",1000270423,Right,UMBC_RET,0c55affb-a5cd-4983-9836-01fe2716dd29,54.62834,-127.43304,11.40783,5.56767,-3.55079,-11.05149,-1.22533,3.68646,-3.70402,,,,,,,,,,,,,,,,,,,,,,,,,,,,,,,,,,,,,,,,,,,,,,,,,,,High,High,High,,,,,,,,,,,,,,,,,,,,,,,,,,,,,,,,,,,,,,,
27,2026-03-08,13:21:34.25,3,2,"Harbert, Chris",1000091136,Right,UMBC_RET,"Warner, Jack",1000463347,Left,PEN_QUA,Undefined,9,Bottom,1,0,1,FourSeamFastBall,Four-Seam,FoulBallNotFieldable,Undefined,Undefined,Undefined,0,0,,86.78741,-1.765739,-0.789129,2096.897042,215.821428,1:15,5.71377,1.02596,5.62136,-23.95946,13.13776,8.71489,2.06867,1.01573,80.28003,-6.199324,0.768174,0.438371,80.10749,5.058665,-55.122436,3306.905796,,,,80.688,80.688,-59.505785,0.747457,-4.63981,7.43965,-0.96448,50,5.54773,1.37574,-126.12516,-4.68997,-7.55186,23.14833,-20.06516,PEN_QUA,UMBC_RET,UofPennsylvania,D1,IVY,20260308-UofPennsylvania-1,41ddcea0-1b13-11f1-a6ff-db6443bb8c9a,85.98294,3.38996,,6.50739,,,,0.16667,1.8872,-1.09539,792ef84f-1a87-4ef8-a354-d95c1024e784,2026-03-08,17:21:34.25,2026-03-08T13:21:34.2550000-04:00,2026-03-08T17:21:34.2550000Z,GroundBall,v3,526523,471348,,"Wyatt, Danny",1000270423,Right,UMBC_RET,a80d67d3-831c-4bf1-9df0-86e6fea0753a,54.87897,-127.01746,11.57417,5.71361,-3.91652,-10.03258,-1.02312,1.66684,-3.77593,,0.16667,66.92245,-19.0856,3.97467,-0.89291,0.19471,-0.04435,0.00929,-0.00125,1.8872,10.35983,-18.26973,1.58062,-0.3121,0.06765,-0.01335,0.00269,-0.00034,-1.09539,-96.01118,6.51443,-0.79866,0.08656,-0.00157,-0.0029,0.00153,-0.0004,,,,,,,,,,,,,,,,,,,,,,,High,High,High,High,High,,,,,,,,,,,,,,,,,,,,,,,,,,,,,,,,,,,,,
28,2026-03-08,13:21:58.87,3,3,"Harbert, Chris",1000091136,Right,UMBC_RET,"Warner, Jack",1000463347,Left,PEN_QUA,Undefined,9,Bottom,1,0,2,FourSeamFastBall,Four-Seam,FoulBallNotFieldable,Undefined,Undefined,Undefined,0,0,,87.65428,-2.173547,-1.720112,2103.51482,200.747023,12:45,5.61885,1.03297,5.90474,-21.56726,14.4041,5.06925,1.80208,-0.14178,81.16261,-6.193039,-0.810059,0.431668,,,,,,,,,,,,-3.04217,8.25185,-0.89777,50,5.43166,3.62269,-127.37809,-5.51825,-5.05571,23.34479,-18.46056,PEN_QUA,UMBC_RET,UofPennsylvania,D1,IVY,20260308-UofPennsylvania-1,50838080-1b13-11f1-a6ff-db6443bb8c9a,87.31813,,,6.49166,,,,,,,792ef84f-1a87-4ef8-a354-d95c1024e784,2026-03-08,17:21:58.87,2026-03-08T13:21:58.8750000-04:00,2026-03-08T17:21:58.8750000Z,,v3,526523,471348,,"Wyatt, Danny",1000270423,Right,UMBC_RET,02eb459d-dd69-4fb1-ba19-0a3b2d9bce67,54.59605,-128.21765,11.6724,5.61818,-4.85435,-9.23028,-1.03133,3.80451,-2.52785,,,,,,,,,,,,,,,,,,,,,,,,,,,,,,,,,,,,,,,,,,,,,,,,,,,High,High,High,,,,,,,,,,,,,,,,,,,,,,,,,,,,,,,,,,,,,,,
29,2026-03-08,13:22:24.55,3,4,"Harbert, Chris",1000091136,Right,UMBC_RET,"Warner, Jack",1000463347,Left,PEN_QUA,Undefined,9,Bottom,1,0,2,Slider,Curveball,BallCalled,Undefined,Undefined,Undefined,0,0,,76.14354,3.074712,0.778886,2197.835139,28.189975,7:00,5.25458,1.45974,5.18778,-57.04924,-8.10138,-5.05587,3.39614,1.77122,70.59776,-7.232612,-0.116881,0.503545,,,,,,,,,,,,2.7074,-4.35705,-1.52806,50,5.4965,-1.30567,-110.58109,3.95856,3.39474,17.38615,-37.63721,PEN_QUA,UMBC_RET,UofPennsylvania,D1,IVY,20260308-UofPennsylvania-1,5fe4ba30-1b13-11f1-a6ff-db6443bb8c9a,74.85418,,,5.54577,,,,,,,792ef84f-1a87-4ef8-a354-d95c1024e784,2026-03-08,17:22:24.55,2026-03-08T13:22:24.5550000-04:00,2026-03-08T17:22:24.5550000Z,,v3,526523,471348,,"Wyatt, Danny",1000270423,Right,UMBC_RET,8acd32aa-7c1e-4b7c-845d-da2ca466ec9f,55.31548,-111.41368,8.69307,5.26377,5.76095,-18.81861,-1.46165,-1.46824,1.69737,,,,,,,,,,,,,,,,,,,,,,,,,,,,,,,,,,,,,,,,,,,,,,,,,,,High,High,High,,,,,,,,,,,,,,,,,,,,,,,,,,,,,,,,,,,,,,,
30,2026-03-08,13:23:01.18,3,5,"Harbert, Chris",1000091136,Right,UMBC_RET,"Warner, Jack",1000463347,Left,PEN_QUA,Undefined,9,Bottom,1,1,2,FourSeamFastBall,Changeup,BallCalled,Undefined,Undefined,Undefined,0,0,,86.28627,-1.194771,-0.695863,1856.888991,241.307052,2:00,5.38566,1.29575,5.67495,-28.70265,8.90623,14.22493,1.87968,1.83239,79.52448,-6.489828,1.84935,0.441384,,,,,,,,,,,,-7.39087,5.19481,-1.24603,50,5.26686,0.925,-125.3816,-3.5969,-11.82966,24.05172,-23.85932,PEN_QUA,UMBC_RET,UofPennsylvania,D1,IVY,20260308-UofPennsylvania-1,75af0910-1b13-11f1-a6ff-db6443bb8c9a,85.39603,,,6.76179,,,,,,,792ef84f-1a87-4ef8-a354-d95c1024e784,2026-03-08,17:23:01.18,2026-03-08T13:23:01.1870000-04:00,2026-03-08T17:23:01.1870000Z,,v3,526523,471348,,"Wyatt, Danny",1000270423,Right,UMBC_RET,9a22f817-3610-4168-b52f-cb5c1b61fb1c,54.82447,-126.30368,12.02586,5.38722,-2.68219,-11.92966,-1.29019,1.37851,-5.91483,,,,,,,,,,,,,,,,,,,,,,,,,,,,,,,,,,,,,,,,,,,,,,,,,,,High,High,High,,,,,,,,,,,,,,,,,,,,,,,,,,,,,,,,,,,,,,,
31,2026-03-08,13:23:20.97,3,6,"Harbert, Chris",1000091136,Right,UMBC_RET,"Warner, Jack",1000463347,Left,PEN_QUA,Undefined,9,Bottom,1,2,2,Slider,Curveball,FoulBallNotFieldable,Undefined,Undefined,Undefined,0,0,,75.81365,1.983273,-0.700074,2164.392136,30.654319,7:00,5.36991,1.26226,5.35371,-56.80259,-7.57878,-5.32036,2.49732,0.16228,70.22539,-8.309722,-1.646483,0.504962,,,,,,,,,,,,2.51236,-3.98358,-1.19527,50,5.507,1.54478,-110.17079,1.91944,3.10925,18.30261,-37.10404,PEN_QUA,UMBC_RET,UofPennsylvania,D1,IVY,20260308-UofPennsylvania-1,817c6da0-1b13-11f1-a6ff-db6443bb8c9a,74.64406,,,5.58826,,,,,,,792ef84f-1a87-4ef8-a354-d95c1024e784,2026-03-08,17:23:20.97,2026-03-08T13:23:20.9770000-04:00,2026-03-08T17:23:20.9770000Z,,v3,526523,471348,,"Wyatt, Danny",1000270423,Right,UMBC_RET,47bacd35-47b8-4f10-ac0a-f15df3f321a0,55.14968,-111.02301,9.15131,5.37741,3.6471,-18.55202,-1.26383,1.40001,1.55462,,,,,,,,,,,,,,,,,,,,,,,,,,,,,,,,,,,,,,,,,,,,,,,,,,,High,High,High,,,,,,,,,,,,,,,,,,,,,,,,,,,,,,,,,,,,,,,
32,2026-03-08,13:23:43.72,3,7,"Harbert, Chris",1000091136,Right,UMBC_RET,"Warner, Jack",1000463347,Left,PEN_QUA,Undefined,9,Bottom,1,2,2,Slider,Curveball,FoulBallNotFieldable,Undefined,Undefined,Undefined,0,0,,76.37814,1.816374,-0.326735,2191.323954,43.553095,7:30,5.45727,1.40483,5.16678,-54.63975,-5.40335,-6.59437,2.61403,0.5478,70.14052,-8.085012,-1.495824,0.505027,88.21579,31.346263,-28.133391,5013.935917,90.73102,55.65012,-62.19223,290.34176,177.54988,-45.122952,4.238958,3.21032,-2.79843,-1.36905,50,5.58437,0.88943,-110.85836,1.6337,3.98966,20.06706,-35.65186,PEN_QUA,UMBC_RET,UofPennsylvania,D1,IVY,20260308-UofPennsylvania-1,8f0739a0-1b13-11f1-a6ff-db6443bb8c9a,74.63452,65.12232,,6.23762,,,,1.27652,2.51175,-0.49444,792ef84f-1a87-4ef8-a354-d95c1024e784,2026-03-08,17:23:43.72,2026-03-08T13:23:43.7250000-04:00,2026-03-08T17:23:43.7250000Z,FlyBall,v3,526523,471348,,"Wyatt, Danny",1000270423,Right,UMBC_RET,632bf0d8-44c2-4fc2-b13e-2c63ea75056c,55.33475,-111.81987,10.03353,5.46517,3.34194,-17.82593,-1.40708,0.69827,1.99483,,1.27607,97.46144,-23.71678,5.85703,-1.36495,0.29546,-0.05715,0.0072,-0.00037,2.51256,67.28026,-20.21897,1.15153,0.12013,-0.1323,0.04252,-0.00623,0.00035,-0.49427,-52.10271,-1.67472,1.77244,-0.51289,0.06793,0.00281,-0.00216,0.00019,,,,,,,,,,,,,,,,,,,,,,,High,High,High,High,Medium,,,,,,,,,,,,,,,,,,,,,,,,,,,,,,,,,,,,,
33,2026-03-08,13:24:23.78,3,8,"Harbert, Chris",1000091136,Right,UMBC_RET,"Warner, Jack",1000463347,Left,PEN_QUA,Undefined,9,Bottom,1,2,2,FourSeamFastBall,Sinker,InPlay,Undefined,GroundBall,FieldersChoice,1,0,,88.33594,-1.540037,-1.566192,2094.942129,217.853162,1:15,5.7825,1.21042,5.67035,-24.9269,10.89745,7.65489,2.26852,0.38772,81.5238,-6.15071,-0.197488,0.430785,111.67305,-38.042627,-28.54745,,,,,3.55935,3.55935,-28.909044,0.021637,-4.30823,6.25347,-1.08317,50,5.63666,3.18715,-128.33896,-4.3061,-7.2444,24.52206,-21.65862,PEN_QUA,UMBC_RET,UofPennsylvania,D1,IVY,20260308-UofPennsylvania-1,a6df59e0-1b13-11f1-a6ff-db6443bb8c9a,87.4971,2.1866,,6.81215,,,,0.66112,2.1866,-0.38524,792ef84f-1a87-4ef8-a354-d95c1024e784,2026-03-08,17:24:23.78,2026-03-08T13:24:23.7870000-04:00,2026-03-08T17:24:23.7870000Z,GroundBall,v3,526523,471348,,"Wyatt, Danny",1000270423,Right,UMBC_RET,8cde2f22-b2d9-4eb2-8e6a-95a94e07ac46,54.82988,-129.25853,12.26103,5.78291,-3.49392,-10.82931,-1.20778,3.45881,-3.6222,,0.66063,113.44783,,,,,,,,2.18703,-101.05758,,,,,,,,-0.38497,-61.71885,,,,,,,,,,,,,,,,,,,,,,,,,,,,,,High,High,High,Estimated,Estimated,,,,,,,,,,,,,,,,,,,,,,,,,,,,,,,,,,,,,
34,2026-03-08,13:24:57.96,4,1,"Harbert, Chris",1000091136,Right,UMBC_RET,"Collins, Gavin",1000180424,Left,PEN_QUA,Undefined,9,Bottom,2,0,0,Slider,Curveball,BallCalled,Undefined,Undefined,Undefined,0,0,,77.3176,0.234966,-2.249248,2274.631437,18.365797,6:30,5.33498,1.59885,5.36975,-54.33483,-6.38709,-2.63669,1.02756,-0.73085,70.98173,-9.615874,-2.718532,0.498374,,,,,,,,,,,,0.66114,-2.87662,-1.39511,50,5.31717,4.50708,-112.17013,-1.38321,0.83642,21.61762,-35.81344,PEN_QUA,UMBC_RET,UofPennsylvania,D1,IVY,20260308-UofPennsylvania-1,bb536790-1b13-11f1-a6ff-db6443bb8c9a,75.63081,,,6.33587,,,,,,,792ef84f-1a87-4ef8-a354-d95c1024e784,2026-03-08,17:24:57.96,2026-03-08T13:24:57.9640000-04:00,2026-03-08T17:24:57.9640000Z,,v3,526523,471348,,"Wyatt, Danny",1000270423,Right,UMBC_RET,8a41233d-9bc1-483b-893b-470004d701c3,55.13143,-113.15474,10.80881,5.34303,0.24799,-17.90672,-1.59953,4.46898,0.41821,,,,,,,,,,,,,,,,,,,,,,,,,,,,,,,,,,,,,,,,,,,,,,,,,,,High,High,High,,,,,,,,,,,,,,,,,,,,,,,,,,,,,,,,,,,,,,,
35,2026-03-08,13:25:12.36,4,2,"Harbert, Chris",1000091136,Right,UMBC_RET,"Collins, Gavin",1000180424,Left,PEN_QUA,Undefined,9,Bottom,2,1,0,Slider,Curveball,BallCalled,Undefined,Undefined,Undefined,0,0,,77.67853,0.058282,-2.069692,2354.557885,37.847055,7:15,5.38526,1.50975,5.3337,-51.28062,-4.15032,-4.31118,1.16659,-0.7922,71.89796,-9.220542,-2.836348,0.494108,,,,,,,,,,,,1.62744,-1.77894,-1.31951,50,5.35301,4.24068,-112.81023,-1.62454,2.10242,20.04616,-34.47217,PEN_QUA,UMBC_RET,UofPennsylvania,D1,IVY,20260308-UofPennsylvania-1,c3db6520-1b13-11f1-a6ff-db6443bb8c9a,76.28387,,,5.78057,,,,,,,792ef84f-1a87-4ef8-a354-d95c1024e784,2026-03-08,17:25:12.36,2026-03-08T13:25:12.3600000-04:00,2026-03-08T17:25:12.3600000Z,,v3,526523,471348,,"Wyatt, Danny",1000270423,Right,UMBC_RET,6fd6d034-df7c-4001-9d92-23c128b660dd,55.16863,-113.72498,10.02308,5.39125,-0.0515,-17.23609,-1.51083,4.14474,1.05121,,,,,,,,,,,,,,,,,,,,,,,,,,,,,,,,,,,,,,,,,,,,,,,,,,,High,High,High,,,,,,,,,,,,,,,,,,,,,,,,,,,,,,,,,,,,,,,
36,2026-03-08,13:25:28.88,4,3,"Harbert, Chris",1000091136,Right,UMBC_RET,"Collins, Gavin",1000180424,Left,PEN_QUA,Undefined,9,Bottom,2,2,0,FourSeamFastBall,Cutter,StrikeCalled,Undefined,Undefined,Undefined,0,0,,86.54118,-1.340176,-1.469877,2052.163409,200.620574,12:45,5.76857,0.86613,5.88872,-25.79852,11.20221,3.81051,2.37365,-0.18148,79.91285,-6.130491,-0.785801,0.437801,,,,,,,,,,,,-2.32347,6.41839,-0.74981,50,5.64556,3.07236,-125.76949,-3.77982,-3.75381,23.4401,-21.80453,PEN_QUA,UMBC_RET,UofPennsylvania,D1,IVY,20260308-UofPennsylvania-1,cdc22f60-1b13-11f1-a6ff-db6443bb8c9a,86.09495,,,6.62833,,,,,,,792ef84f-1a87-4ef8-a354-d95c1024e784,2026-03-08,17:25:28.88,2026-03-08T13:25:28.8860000-04:00,2026-03-08T17:25:28.8860000Z,,v3,526523,471348,,"Wyatt, Danny",1000270423,Right,UMBC_RET,9d20dda9-7e8b-4191-b078-439e512b82a2,54.61046,-126.62584,11.72005,5.7691,-2.98322,-10.90227,-0.86456,3.2095,-1.8769,,,,,,,,,,,,,,,,,,,,,,,,,,,,,,,,,,,,,,,,,,,,,,,,,,,High,High,High,,,,,,,,,,,,,,,,,,,,,,,,,,,,,,,,,,,,,,,
37,2026-03-08,13:25:45.38,4,4,"Harbert, Chris",1000091136,Right,UMBC_RET,"Collins, Gavin",1000180424,Left,PEN_QUA,Undefined,9,Bottom,2,2,1,TwoSeamFastBall,Cutter,BallCalled,Undefined,Undefined,Undefined,0,0,,86.74232,-2.594684,-2.164715,2067.430322,181.241309,12:00,5.71695,0.91738,6.05607,-23.78332,13.10721,0.25913,1.32995,-1.06569,79.75554,-7.033655,-2.118078,0.437148,,,,,,,,,,,,-0.72319,7.81957,-0.74927,50,5.5023,4.74803,-125.88229,-6.43958,-1.16279,25.06167,-19.6009,PEN_QUA,UMBC_RET,UofPennsylvania,D1,IVY,20260308-UofPennsylvania-1,d7862f60-1b13-11f1-a6ff-db6443bb8c9a,86.22342,,,6.98678,,,,,,,792ef84f-1a87-4ef8-a354-d95c1024e784,2026-03-08,17:25:45.38,2026-03-08T13:25:45.3800000-04:00,2026-03-08T17:25:45.3800000Z,,v3,526523,471348,,"Wyatt, Danny",1000270423,Right,UMBC_RET,86aceb0d-a58f-4375-9ec2-ce6d92c0eeff,54.44298,-126.76375,12.53083,5.71667,-5.75018,-9.80045,-0.91699,4.78893,-0.58139,,,,,,,,,,,,,,,,,,,,,,,,,,,,,,,,,,,,,,,,,,,,,,,,,,,High,High,High,,,,,,,,,,,,,,,,,,,,,,,,,,,,,,,,,,,,,,,
38,2026-03-08,13:26:01.72,4,5,"Harbert, Chris",1000091136,Right,UMBC_RET,"Collins, Gavin",1000180424,Left,PEN_QUA,Undefined,9,Bottom,2,3,1,Slider,Curveball,BallCalled,Walk,Undefined,Undefined,0,0,,78.10548,-0.09483,-2.728253,2293.740769,29.235278,7:00,5.50968,1.27864,5.28285,-52.43318,-5.6015,-3.92374,1.05109,-1.61242,72.23446,-9.560439,-3.424886,0.49254,,,,,,,,,,,,1.23461,-2.47343,-1.02664,50,5.46191,5.55233,-113.35324,-1.9919,1.60719,20.61397,-35.39396,PEN_QUA,UMBC_RET,UofPennsylvania,D1,IVY,20260308-UofPennsylvania-1,e14a2f60-1b13-11f1-a6ff-db6443bb8c9a,76.52669,,,5.87102,,,,,,,792ef84f-1a87-4ef8-a354-d95c1024e784,2026-03-08,17:26:01.72,2026-03-08T13:26:01.7280000-04:00,2026-03-08T17:26:01.7280000Z,,v3,526523,471348,,"Wyatt, Danny",1000270423,Right,UMBC_RET,9814e906-ac5f-452c-8189-359ddabd0e69,55.21963,-114.29852,10.30699,5.51604,-0.36886,-17.69698,-1.27956,5.47863,0.80359,,,,,,,,,,,,,,,,,,,,,,,,,,,,,,,,,,,,,,,,,,,,,,,,,,,High,High,High,,,,,,,,,,,,,,,,,,,,,,,,,,,,,,,,,,,,,,,
39,2026-03-08,13:27:21.75,5,1,"Harbert, Chris",1000091136,Right,UMBC_RET,"Pokrovsky, Jarrett",1000181991,Right,PEN_QUA,Undefined,9,Bottom,2,0,0,Slider,Curveball,StrikeCalled,Undefined,Undefined,Undefined,0,0,,76.20253,1.909275,-0.545995,2162.163702,22.253932,6:45,5.48618,1.26824,5.32807,-55.46987,-6.58961,-3.28166,2.65597,0.48243,70.38854,-8.150478,-1.129548,0.503197,,,,,,,,,,,,1.4987,-3.34606,-1.21646,50,5.61864,1.18175,-110.69028,1.80327,1.86861,18.83966,-36.34605,PEN_QUA,UMBC_RET,UofPennsylvania,D1,IVY,20260308-UofPennsylvania-1,11051e40-1b14-11f1-a6ff-db6443bb8c9a,74.90591,,,5.814,,,,,,,792ef84f-1a87-4ef8-a354-d95c1024e784,2026-03-08,17:27:21.75,2026-03-08T13:27:21.7510000-04:00,2026-03-08T17:27:21.7510000Z,,v3,526523,471348,,"Wyatt, Danny",1000270423,Right,UMBC_RET,d4f104ec-da02-46cc-aa67-a90beb3a120e,55.17374,-111.56738,9.41983,5.4953,3.49541,-18.17302,-1.26945,1.09475,0.9343,,,,,,,,,,,,,,,,,,,,,,,,,,,,,,,,,,,,,,,,,,,,,,,,,,,High,High,High,,,,,,,,,,,,,,,,,,,,,,,,,,,,,,,,,,,,,,,
40,2026-03-08,13:27:37.45,5,2,"Harbert, Chris",1000091136,Right,UMBC_RET,"Pokrovsky, Jarrett",1000181991,Right,PEN_QUA,Undefined,9,Bottom,2,0,1,Slider,Curveball,StrikeSwinging,Undefined,Undefined,Undefined,0,0,,77.03274,-0.273019,-1.365761,2224.242252,37.769778,7:15,5.38418,1.16065,5.31425,-53.48696,-5.3415,-5.29567,0.67062,-0.56276,71.11177,-9.944728,-2.308468,0.4994,,,,,,,,,,,,2.29784,-2.2739,-1.03277,50,5.32006,2.86736,-111.86156,-2.33973,2.90409,20.66005,-35.04789,PEN_QUA,UMBC_RET,UofPennsylvania,D1,IVY,20260308-UofPennsylvania-1,1a6b6de0-1b14-11f1-a6ff-db6443bb8c9a,75.47538,,,5.92097,,,,,,,792ef84f-1a87-4ef8-a354-d95c1024e784,2026-03-08,17:27:37.45,2026-03-08T13:27:37.4560000-04:00,2026-03-08T17:27:37.4560000Z,,v3,526523,471348,,"Wyatt, Danny",1000270423,Right,UMBC_RET,9928b12b-0732-4c7c-bb5e-bb8622bec9f2,55.18796,-112.81567,10.33003,5.39074,-0.72117,-17.52395,-1.16209,2.73324,1.45204,,,,,,,,,,,,,,,,,,,,,,,,,,,,,,,,,,,,,,,,,,,,,,,,,,,High,High,High,,,,,,,,,,,,,,,,,,,,,,,,,,,,,,,,,,,,,,,
41,2026-03-08,13:27:59.34,5,3,"Harbert, Chris",1000091136,Right,UMBC_RET,"Pokrovsky, Jarrett",1000181991,Right,PEN_QUA,Undefined,9,Bottom,2,0,2,Slider,Slider,BallCalled,Undefined,Undefined,Undefined,0,0,,79.07852,0.522736,-1.780447,2241.943279,62.316956,8:00,5.4345,1.19487,5.08887,-47.12129,-1.41965,-5.1963,2.00066,-0.91677,73.25832,-7.985806,-2.69966,0.486561,,,,,,,,,,,,2.14067,-0.47283,-1.02214,50,5.44652,3.7798,-114.84453,-0.63612,2.88074,19.75396,-32.81033,PEN_QUA,UMBC_RET,UofPennsylvania,D1,IVY,20260308-UofPennsylvania-1,276bad20-1b14-11f1-a6ff-db6443bb8c9a,77.46704,,,5.8202,,,,,,,792ef84f-1a87-4ef8-a354-d95c1024e784,2026-03-08,17:27:59.34,2026-03-08T13:27:59.3430000-04:00,2026-03-08T17:27:59.3430000Z,,v3,526523,471348,,"Wyatt, Danny",1000270423,Right,UMBC_RET,5b3068e9-42d0-44d6-94ce-2b2e27bd8e13,55.41254,-115.77178,9.87698,5.44024,0.90399,-16.40516,-1.19639,3.64458,1.44037,,,,,,,,,,,,,,,,,,,,,,,,,,,,,,,,,,,,,,,,,,,,,,,,,,,High,High,High,,,,,,,,,,,,,,,,,,,,,,,,,,,,,,,,,,,,,,,
42,2026-03-08,13:28:36.97,5,4,"Harbert, Chris",1000091136,Right,UMBC_RET,"Pokrovsky, Jarrett",1000181991,Right,PEN_QUA,Undefined,9,Bottom,2,1,2,Slider,Curveball,BallCalled,Undefined,Undefined,Undefined,0,0,,78.7702,1.249702,-2.298759,2273.486463,45.571334,7:30,5.46933,1.24274,5.19216,-51.86723,-5.77512,-7.27552,2.32379,-1.52715,72.73873,-8.123196,-3.587151,0.488635,,,,,,,,,,,,3.01362,-2.79343,-1.02368,50,5.54583,4.88316,-114.32533,0.64595,4.00251,20.38547,-35.88408,PEN_QUA,UMBC_RET,UofPennsylvania,D1,IVY,20260308-UofPennsylvania-1,3dd5e580-1b14-11f1-a6ff-db6443bb8c9a,77.13821,,,6.03147,,,,,,,792ef84f-1a87-4ef8-a354-d95c1024e784,2026-03-08,17:28:36.97,2026-03-08T13:28:36.9730000-04:00,2026-03-08T17:28:36.9730000Z,,v3,526523,471348,,"Wyatt, Danny",1000270423,Right,UMBC_RET,8190df68-bf92-4d59-970e-b0975e807d8a,55.30937,-115.26816,10.19274,5.47758,2.3056,-17.94204,-1.24524,4.69804,2.00125,,,,,,,,,,,,,,,,,,,,,,,,,,,,,,,,,,,,,,,,,,,,,,,,,,,High,High,High,,,,,,,,,,,,,,,,,,,,,,,,,,,,,,,,,,,,,,,
43,2026-03-08,13:28:54.97,5,5,"Harbert, Chris",1000091136,Right,UMBC_RET,"Pokrovsky, Jarrett",1000181991,Right,PEN_QUA,Undefined,9,Bottom,2,2,2,Slider,Curveball,FoulBallNotFieldable,Undefined,Undefined,Undefined,0,0,,77.78745,1.019016,-0.010094,2196.074742,46.656688,7:30,5.41464,1.48978,5.16768,-51.50491,-4.55933,-6.21748,2.08169,0.96216,72.22587,-8.282848,-1.112959,0.493138,66.30119,65.124714,-46.073454,4068.791768,,,,,35.65755,,,3.12729,-2.21339,-1.48378,50,5.46949,0.26212,-113.07661,0.21251,4.08756,18.7825,-35.06706,PEN_QUA,UMBC_RET,UofPennsylvania,D1,IVY,20260308-UofPennsylvania-1,48900550-1b14-11f1-a6ff-db6443bb8c9a,76.43383,69.7262,,5.56158,,,,1.72774,2.40003,-1.00575,792ef84f-1a87-4ef8-a354-d95c1024e784,2026-03-08,17:28:54.97,2026-03-08T13:28:54.9740000-04:00,2026-03-08T17:28:54.9740000Z,,v3,526523,471348,,"Wyatt, Danny",1000270423,Right,UMBC_RET,22d20da2-5d83-4432-a0dd-fcebb44032ce,55.33523,-113.95937,9.39125,5.42077,1.86062,-17.53353,-1.49159,0.07001,2.04378,,1.72775,28.37488,-10.72818,2.90998,0.70213,-2.01407,1.80255,-0.83854,0.16313,2.40002,88.22064,-23.42788,2.33277,-0.84184,0.80587,-0.66619,0.30978,-0.06091,-1.00575,-29.46029,3.64435,-0.74205,0.05355,0.07262,-0.06941,0.03135,-0.00584,,,,,,,,,,,,,,,,,,,,,,,High,High,High,High,Undefined,,,,,,,,,,,,,,,,,,,,,,,,,,,,,,,,,,,,,
44,2026-03-08,13:29:30.16,5,6,"Harbert, Chris",1000091136,Right,UMBC_RET,"Pokrovsky, Jarrett",1000181991,Right,PEN_QUA,Undefined,9,Bottom,2,2,2,Slider,Curveball,BallCalled,Undefined,Undefined,Undefined,0,0,,78.78974,0.286685,-1.895632,2467.926088,38.681069,7:15,5.52921,1.27871,5.36864,-50.38471,-4.36323,-4.65729,1.59944,-0.88743,72.41673,-8.859524,-2.724358,0.488261,,,,,,,,,,,,1.79807,-1.85347,-1.10521,50,5.51901,3.9685,-114.34934,-1.17042,2.37226,21.78568,-34.61943,PEN_QUA,UMBC_RET,UofPennsylvania,D1,IVY,20260308-UofPennsylvania-1,5d9f1a80-1b14-11f1-a6ff-db6443bb8c9a,77.19738,,,6.37302,,,,,,,792ef84f-1a87-4ef8-a354-d95c1024e784,2026-03-08,17:29:30.16,2026-03-08T13:29:30.1650000-04:00,2026-03-08T17:29:30.1650000Z,,v3,526523,471348,,"Wyatt, Danny",1000270423,Right,UMBC_RET,4850c669-e21c-4afc-b3fb-a843c3789d50,55.13194,-115.32292,10.89284,5.53674,0.3767,-17.30972,-1.28019,3.86249,1.18613,,,,,,,,,,,,,,,,,,,,,,,,,,,,,,,,,,,,,,,,,,,,,,,,,,,High,High,High,,,,,,,,,,,,,,,,,,,,,,,,,,,,,,,,,,,,,,,
45,2026-03-08,13:29:51.14,5,7,"Harbert, Chris",1000091136,Right,UMBC_RET,"Pokrovsky, Jarrett",1000181991,Right,PEN_QUA,Undefined,9,Bottom,2,3,2,Slider,Curveball,BallCalled,Walk,Undefined,Undefined,0,0,,78.15727,0.238616,-1.751555,2339.520865,31.085942,7:00,5.3779,1.41363,5.27345,-54.98609,-8.22737,-5.81217,1.01996,-0.71643,72.23905,-9.686586,-2.784843,0.492156,,,,,,,,,,,,2.45205,-3.87831,-1.24905,50,5.35853,3.6957,-113.50571,-1.43719,3.19754,20.85976,-37.23146,PEN_QUA,UMBC_RET,UofPennsylvania,D1,IVY,20260308-UofPennsylvania-1,6a125c00-1b14-11f1-a6ff-db6443bb8c9a,76.58637,,,5.91822,,,,,,,792ef84f-1a87-4ef8-a354-d95c1024e784,2026-03-08,17:29:51.14,2026-03-08T13:29:51.1450000-04:00,2026-03-08T17:29:51.1450000Z,,v3,526523,471348,,"Wyatt, Danny",1000270423,Right,UMBC_RET,1bef3017-8f50-456f-ab33-5bf9ffddeeef,55.22945,-114.46273,10.42988,5.38529,0.27094,-18.61573,-1.41524,3.549,1.59877,,,,,,,,,,,,,,,,,,,,,,,,,,,,,,,,,,,,,,,,,,,,,,,,,,,High,High,High,,,,,,,,,,,,,,,,,,,,,,,,,,,,,,,,,,,,,,,
46,2026-03-08,13:30:48.41,6,1,"Harbert, Chris",1000091136,Right,UMBC_RET,"Spaventa, Nicholas",10035643,Right,PEN_QUA,Undefined,9,Bottom,2,0,0,Slider,Curveball,StrikeCalled,Undefined,Undefined,Undefined,0,0,,77.36664,1.316578,-1.652721,2242.487711,37.428406,7:15,5.54317,1.23108,5.33534,-55.15653,-8.15595,-7.18237,2.18274,-0.91846,72.23648,-8.639429,-2.929551,0.493427,,,,,,,,,,,,3.22772,-4.06618,-1.07647,50,5.62174,3.52072,-112.50324,0.69092,4.19392,17.77051,-37.45741,PEN_QUA,UMBC_RET,UofPennsylvania,D1,IVY,20260308-UofPennsylvania-1,8c30f2b0-1b14-11f1-a6ff-db6443bb8c9a,76.3891,,,5.13016,,,,,,,792ef84f-1a87-4ef8-a354-d95c1024e784,2026-03-08,17:30:48.41,2026-03-08T13:30:48.4100000-04:00,2026-03-08T17:30:48.4100000Z,,v3,526523,471348,,"Wyatt, Danny",1000270423,Right,UMBC_RET,85002c31-27a2-42d7-8087-d130b3593bfc,55.16866,-113.31672,8.88526,5.55087,2.4056,-18.7287,-1.23324,3.32873,2.09696,,,,,,,,,,,,,,,,,,,,,,,,,,,,,,,,,,,,,,,,,,,,,,,,,,,High,High,High,,,,,,,,,,,,,,,,,,,,,,,,,,,,,,,,,,,,,,,
47,2026-03-08,13:31:02.24,6,2,"Harbert, Chris",1000091136,Right,UMBC_RET,"Spaventa, Nicholas",10035643,Right,PEN_QUA,Undefined,9,Bottom,2,0,1,Slider,Curveball,InPlay,Undefined,GroundBall,Out,1,0,,77.85078,0.94078,-1.194136,2391.026521,31.137105,7:00,5.5732,1.19126,5.2745,-52.91916,-6.35646,-4.59437,2.04718,-0.31337,72.56597,-8.612302,-2.010593,0.491123,110.02907,1.378681,7.68752,1633.124728,,,,56.59933,54.65198,9.48309,0.370923,2.02559,-3.07677,-1.07865,50,5.61954,2.53733,-113.20424,0.02225,2.66147,18.24281,-36.21666,PEN_QUA,UMBC_RET,UofPennsylvania,D1,IVY,20260308-UofPennsylvania-1,946e2ba0-1b14-11f1-a6ff-db6443bb8c9a,76.74742,2.07741,,5.28481,,,,0.54941,1.93258,0.35133,792ef84f-1a87-4ef8-a354-d95c1024e784,2026-03-08,17:31:02.24,2026-03-08T13:31:02.2420000-04:00,2026-03-08T17:31:02.2420000Z,GroundBall,v3,526523,471348,,"Wyatt, Danny",1000270423,Right,UMBC_RET,c00fc043-83c6-49ac-bb89-6f1ec83886a3,55.2288,-114.04374,9.12141,5.58017,1.68889,-18.10833,-1.19259,2.41485,1.33073,307.401278,0.56201,159.42447,-28.21873,,,,,,,1.9435,3.48709,-23.60203,,,,,,,0.34422,21.83918,6.446,,,,,,,,,,,,,,,,,,,,,,,,,,,,,High,High,High,High,High,,,,,,,,,,,,,,,,,,,,,,,,,,,,,,,,,,,,,